enrollment_no,name,department,semester,class,batch
240010101001,Rahul Patel,Computer Engineering,1,A,CP1
240010101002,Priya Shah,Computer Engineering,1,A,CP1
240010101003,Arjun Mehta,Computer Engineering,1,A,CP1
240010102001,Rohan Desai,Computer Engineering,1,A,CP2
240010102002,Sneha Trivedi,Computer Engineering,1,A,CP2
240010103001,Kiran Modi,Computer Engineering,1,A,CP3
240010201001,Raj Sharma,Civil Engineering,1,A,C1
240010201002,Pooja Patel,Civil Engineering,1,A,C1
240010201003,Amit Joshi,Civil Engineering,1,A,C1
240010202001,Neha Trivedi,Civil Engineering,1,A,C2
240010202002,Vikram Chauhan,Civil Engineering,1,A,C2
240010301001,Suresh Patel,Mechanical Engineering,1,A,M1
240010301002,Kavya Mehta,Mechanical Engineering,1,A,M1
240010301003,Darshan Shah,Mechanical Engineering,1,A,M1
240010302001,Preet Desai,Mechanical Engineering,1,A,M2
240010302002,Hetal Modi,Mechanical Engineering,1,A,M2
240010303001,Nilesh Rana,Mechanical Engineering,1,A,M3
240010401001,Bhavesh Contractor,Electrical Engineering,1,A,E1
240010401002,Rina Panchal,Electrical Engineering,1,A,E1
240010401003,Dhruv Acharya,Electrical Engineering,1,A,E1
240010402001,Minal Solanki,Electrical Engineering,1,A,E2
240010402002,Param Makwana,Electrical Engineering,1,A,E2
